User,IP Address,City,Region,Country,Organization
admin,192.168.1.100,N/A,N/A,N/A,N/A
root,192.168.1.100,N/A,N/A,N/A,N/A
guest,192.168.1.100,N/A,N/A,N/A,N/A
test,192.168.1.100,N/A,N/A,N/A,N/A
user,192.168.1.100,N/A,N/A,N/A,N/A
admin,94.25.1.1,Khabarovsk,Khabarovsk,RU,AS12389 PJSC Rostelecom
root,175.45.178.1,Pyongyang,Pyongyang,KP,AS131279 Ryugyong-dong
test,60.12.34.56,Shanghai,Shanghai,CN,AS4837 CHINA UNICOM China169 Backbone
admin,192.168.1.100,N/A,N/A,N/A,N/A
root,192.168.1.101,N/A,N/A,N/A,N/A
test,192.168.1.100,N/A,N/A,N/A,N/A
admin,192.168.1.100,N/A,N/A,N/A,N/A
root,192.168.1.101,N/A,N/A,N/A,N/A
test,192.168.1.102,N/A,N/A,N/A,N/A
admin,192.168.1.100,N/A,N/A,N/A,N/A
admin,192.168.1.100,N/A,N/A,N/A,N/A
admin,192.168.1.100,N/A,N/A,N/A,N/A
admin,300.300.300.300,N/A,N/A,N/A,N/A
admin,192.168.1.105,N/A,N/A,N/A,N/A
test,192.168.1.106,N/A,N/A,N/A,N/A
admin,192.168.1.150,N/A,N/A,N/A,N/A
root,192.168.1.150,N/A,N/A,N/A,N/A
guest,192.168.1.150,N/A,N/A,N/A,N/A
admin,192.168.1.100,N/A,N/A,N/A,N/A
root,192.168.1.101,N/A,N/A,N/A,N/A
admin,192.168.1.250,N/A,N/A,N/A,N/A
root,192.168.1.250,N/A,N/A,N/A,N/A
test,192.168.1.250,N/A,N/A,N/A,N/A
